,protein_id,CCprofiler_count,SPADE_count
2,A0A0G2JDV3,1.0,1.0
28,A2ABV5,1.0,1.0
38,A2AJ88,1.0,1.0
40,A2AJQ3,1.0,1.0
42,A2AJW4,1.0,1.0
46,A2APY7,1.0,1.0
54,A2RSX7,1.0,1.0
57,A2RTH5,1.0,1.0
59,A3KGF7,2.0,2.0
60,A3KMP2,1.0,1.0
62,A6H5Z3,1.0,1.0
63,A6H611,1.0,1.0
64,A6H630,1.0,1.0
68,A6X919,1.0,1.0
72,B1ART1,1.0,1.0
74,B1AUY3,1.3333333333333333,1.3333333333333333
76,B1AVP0,1.0,1.0
79,B1AY10,1.0,1.0
89,B2RXC6,1.0,1.0
93,B2RY04,1.0,1.0
96,B8ZXI1,1.1666666666666667,1.1666666666666667
101,B9EKI3,1.0,1.0
103,C0HKG5,1.0,1.0
105,D3YUE4,1.0,1.0
108,D3YZZ5,1.0,1.0
122,E2JF22,1.0,1.0
131,E9PY16,1.0,1.0
135,E9PYP2,1.0,1.0
141,E9Q137,1.0,1.0
143,E9Q2E4,1.0,1.0
149,E9Q411,1.0,1.0
150,E9Q4N7,1.0,1.0
151,E9Q512,1.0,1.0
162,E9Q7E2,1.0,1.0
165,E9Q8I7,1.0,1.0
173,F7BJB9,1.0,1.0
176,F8VPP8,2.0,2.0
179,F8VQ05,1.1666666666666667,1.1666666666666667
182,G3X8U3,1.0,1.0
186,G3X9F6,1.0,1.0
187,G3X9K3,1.0,1.0
188,G3X9X1,1.0,1.0
192,G5E895,1.0,1.0
196,J3QMC5,1.0,1.0
197,L7N466,1.0,1.0
208,O08586,1.0,1.0
209,O08599,1.0,1.0
211,O08605,1.0,1.0
213,O08663,1.0,1.0
219,O08738,1.0,1.0
227,O08796,1.0,1.0
238,O08915,1.0,1.0
242,O09005,1.0,1.0
248,O09061,1.0,1.0
251,O09117,1.0,1.0
253,O09131,1.0,1.0
255,O09167,1.0,1.0
257,O09174,1.0,1.0
261,O35083,1.0,1.0
262,O35114,1.0,1.0
270,O35215,1.0,1.0
278,O35298,1.0,1.0
282,O35344,1.0,1.0
286,O35379,1.0,1.0
289,O35386,1.0,1.0
295,O35516,1.0,1.0
303,O35639,1.0,1.0
307,O35658,1.0,1.0
316,O35744,1.0,1.0
318,O35855,1.0,1.0
320,O35864,1.0,1.0
321,O35887,1.0,1.0
322,O35900,1.0,1.0
327,O35969,1.0,1.0
337,O54788,1.0,1.0
341,O54833,1.0,1.0
342,O54834,1.0,1.0
343,O54879,1.0,1.0
348,O54918,1.0,1.0
358,O55028,1.0,1.0
360,O55060,1.0,1.0
366,O55126,1.0,1.0
374,O55229,1.0,1.0
388,O70305,1.0,1.0
389,O70309,1.0,1.0
394,O70348,1.0,1.0
395,O70370,1.0,1.0
397,O70400,1.0,1.0
403,O70480,1.0,1.0
405,O70492,1.0,1.0
407,O70496,1.0,1.0
408,O70503,1.0,1.0
419,O88351,1.5,1.5
420,O88384,1.0,1.0
421,O88425,1.0,1.0
425,O88455,1.0,1.0
429,O88520,1.0,1.0
434,O88544,1.0,1.0
442,O88622,1.0,1.0
444,O88643,1.0,1.0
446,O88668,1.0,1.0
452,O88746,1.0,1.0
458,O88843,1.0,1.0
461,O88851,1.0,1.0
462,O88855,1.0,1.0
464,O88876,1.0,1.0
473,O88968,1.0,1.0
475,O88983,1.0,1.0
479,O89017,1.0,1.0
481,O89050,1.0,1.0
486,O89090,2.0,2.0
494,P00920,1.0,1.0
504,P03958,1.0,1.0
514,P05201,1.0,1.0
515,P05202,1.0,1.0
518,P06151,1.0,1.0
522,P06797,1.0,1.0
524,P06801,1.0,1.0
527,P07607,1.0,1.0
528,P07724,1.0,1.0
533,P08071,1.0,1.0
537,P08228,1.0,1.0
549,P09581,1.6666666666666667,1.6666666666666667
550,P09671,1.0,1.0
552,P09925,1.0,1.0
573,P11031,1.0,1.0
576,P11157,1.0,1.0
578,P11276,1.0,1.0
586,P11688,1.0,1.0
588,P11881,1.1666666666666667,1.1666666666666667
590,P11930,1.0,1.0
610,P14152,1.0,1.0
624,P15532,1.0,1.0
626,P15626,1.0,1.0
629,P15946,1.0,1.0
630,P16045,1.0,1.0
637,P16460,1.1666666666666667,1.1666666666666667
665,P19253,1.0,1.0
678,P21107,1.0,1.0
683,P21550,1.0,1.0
698,P23492,1.0,1.0
699,P23506,1.0,1.0
700,P23591,1.0,1.0
704,P23950,1.0,1.0
714,P25085,1.0,1.0
718,P25444,1.0,1.0
732,P26443,1.0,1.0
747,P27773,1.0,1.0
752,P28076,1.0,1.0
754,P28271,1.0,1.0
756,P28352,1.0,1.0
757,P28474,1.0,1.0
762,P28659,1.0,1.0
763,P28660,1.0,1.0
776,P29758,1.0,1.0
779,P30355,1.0,1.0
782,P30681,1.0,1.0
790,P31938,1.0,1.0
794,P32233,1.0,1.0
800,P33610,1.0,1.0
818,P35329,1.0,1.0
828,P35762,2.0,2.0
832,P35979,1.0,1.0
833,P35980,1.0,1.0
835,P36371,1.0,1.0
838,P36552,1.0,1.0
842,P37913,1.6666666666666667,1.6666666666666667
844,P38585,1.0,1.0
846,P39054,1.5,1.5
857,P41105,1.0,1.0
859,P41230,1.0,1.0
861,P41241,1.0,1.0
863,P41731,1.0,1.0
882,P43346,1.0,1.0
885,P45376,1.0,1.0
887,P45591,1.0,1.0
897,P46656,1.0,1.0
901,P46735,1.0,1.0
902,P46737,1.5,1.5
905,P47199,1.0,1.0
906,P47226,1.0,1.0
913,P47758,1.6666666666666667,1.6666666666666667
915,P47791,1.0,1.0
918,P47811,1.0,1.0
922,P47934,1.0,1.0
926,P47963,1.0,1.0
928,P47968,1.0,1.0
930,P48036,1.0,1.0
933,P48410,1.0,1.0
934,P48428,1.0,1.0
935,P48441,1.0,1.0
940,P48758,1.0,1.0
941,P48771,1.0,1.0
942,P48774,1.0,1.0
949,P49442,1.0,1.0
967,P50396,1.0,1.0
969,P50428,1.0,1.0
970,P50429,1.0,1.0
976,P50580,1.0,1.0
977,P50637,1.0,1.0
980,P51163,1.0,1.0
981,P51174,1.0,1.0
986,P51569,1.0,1.0
988,P51675,1.0,1.0
990,P51807,1.0,1.0
992,P51855,1.0,1.0
993,P51859,1.0,1.0
999,P52196,1.0,1.0
1009,P52850,1.0,1.0
1011,P52912,1.0,1.0
1013,P53395,1.0,1.0
1021,P53986,1.0,1.0
1023,P53995,1.0,1.0
1024,P53996,1.0,1.0
1027,P54116,1.0,1.0
1033,P54728,1.0,1.0
1038,P54797,1.0,1.0
1045,P55096,1.0,1.0
1048,P55264,1.0,1.0
1050,P55772,1.0,1.0
1060,P56391,1.0,1.0
1066,P56542,1.0,1.0
1071,P56959,1.0,1.0
1077,P57759,1.0,1.0
1082,P58021,1.0,1.0
1084,P58058,1.3333333333333333,1.3333333333333333
1091,P58389,1.0,1.0
1099,P58801,1.0,1.0
1101,P58854,1.0,1.0
1105,P59108,1.0,1.0
1108,P59325,1.1666666666666667,1.1666666666666667
1109,P59326,1.0,1.0
1120,P59997,1.0,1.0
1127,P60670,1.0,1.0
1131,P60843,1.0,1.0
1138,P61079,1.0,1.0
1152,P61460,1.0,1.0
1153,P61514,1.0,1.0
1155,P61620,1.0,1.0
1161,P61961,2.0,2.0
1165,P61971,1.0,1.0
1168,P62046,1.0,1.0
1177,P62242,1.0,1.0
1179,P62259,1.0,1.0
1184,P62281,1.0,1.0
1190,P62313,1.0,1.0
1194,P62322,1.0,1.0
1199,P62482,1.5,1.5
1202,P62700,1.0,1.0
1203,P62702,1.6666666666666667,1.6666666666666667
1205,P62717,1.0,1.0
1208,P62748,1.0,1.0
1210,P62754,1.0,1.0
1211,P62774,1.0,1.0
1218,P62843,1.0,1.0
1219,P62849,1.0,1.0
1232,P62911,1.0,1.0
1236,P62962,1.0,1.0
1241,P63005,1.6666666666666667,1.6666666666666667
1252,P63158,1.0,1.0
1259,P63280,1.0,1.0
1279,P69566,1.0,1.0
1281,P70158,1.0,1.0
1283,P70188,1.5,1.5
1286,P70196,1.3333333333333333,1.3333333333333333
1287,P70202,1.0,1.0
1293,P70265,1.0,1.0
1300,P70296,1.0,1.0
1302,P70302,1.0,1.0
1305,P70318,1.0,1.0
1310,P70349,1.0,1.0
1317,P70387,1.0,1.0
1318,P70388,1.0,1.0
1326,P70441,1.0,1.0
1327,P70444,1.0,1.0
1333,P70697,1.0,1.0
1336,P70700,1.0,1.0
1337,P70704,1.0,1.0
1345,P82343,1.0,1.0
1364,P97310,1.3333333333333333,1.3333333333333333
1366,P97313,1.0,1.0
1367,P97333,1.0,1.0
1368,P97346,1.0,1.0
1370,P97352,1.0,1.0
1371,P97355,1.0,1.0
1373,P97364,1.0,1.0
1376,P97370,1.0,1.0
1387,P97425,1.0,1.0
1389,P97429,1.0,1.0
1390,P97434,1.0,1.0
1403,P97494,1.0,1.0
1410,P97797,2.0,2.0
1418,P97823,1.0,1.0
1422,P97865,1.0,1.0
1423,P97872,1.0,1.0
1424,P97930,1.0,1.0
1429,P98195,1.0,1.0
1432,P99026,1.0,1.0
1441,Q00609,1.0,1.0
1442,Q00612,1.0,1.0
1444,Q00899,1.0,1.0
1451,Q01514,1.0,1.0
1452,Q01705,1.0,1.0
1454,Q01768,1.0,1.0
1456,Q01965,1.0,1.0
1463,Q03173,2.0,2.0
1464,Q03249,1.0,1.0
1481,Q05910,1.0,1.0
1487,Q06138,1.0,1.0
1488,Q06180,2.0,2.0
1489,Q06185,1.0,1.0
1497,Q08024,1.0,1.0
1501,Q08642,1.0,1.0
1504,Q08890,1.0,1.0
1509,Q09PK2,1.0,1.0
1514,Q0P5W1,1.0,1.0
1517,Q0VBL3,1.0,1.0
1520,Q11136,1.0,1.0
1522,Q149F1,1.0,1.0
1527,Q14BV6,1.0,1.0
1530,Q14CH7,1.0,1.0
1531,Q18PI6,1.3333333333333333,1.3333333333333333
1536,Q2KN98,1.0,1.0
1543,Q31125,1.0,1.0
1544,Q32NY4,1.0,1.0
1547,Q3SXD3,1.0,1.0
1550,Q3TAP4,1.0,1.0
1551,Q3TAS6,1.0,1.0
1554,Q3TBT3,1.0,1.0
1558,Q3TC72,1.0,1.0
1564,Q3TCT4,1.0,1.0
1568,Q3TDQ1,1.0,1.0
1573,Q3TGF2,1.0,1.0
1575,Q3THE2,1.0,1.0
1583,Q3TIV5,1.0,1.0
1585,Q3TJ22,1.0,1.0
1586,Q3TJD7,1.0,1.0
1593,Q3TLI0,1.0,1.0
1594,Q3TLS3,1.0,1.0
1595,Q3TMH2,1.0,1.0
1597,Q3TNA1,1.0,1.0
1603,Q3TQB2,1.0,1.0
1606,Q3TTY5,1.0,1.0
1607,Q3TUH1,1.0,1.0
1609,Q3TVP5,1.0,1.0
1614,Q3TX08,1.0,1.0
1619,Q3TYX3,1.0,1.0
1625,Q3U0K8,1.0,1.0
1644,Q3U3Q1,1.0,1.0
1649,Q3U4G3,1.0,1.0
1650,Q3U5F4,1.0,1.0
1659,Q3UBX0,1.0,1.0
1662,Q3UDF0,1.0,1.0
1665,Q3UDR8,1.0,1.0
1671,Q3UFY7,1.0,1.0
1675,Q3UGR5,1.0,1.0
1676,Q3UGS4,1.0,1.0
1697,Q3UJB9,1.0,1.0
1709,Q3UM29,1.0,1.0
1719,Q3UN02,1.0,1.0
1720,Q3UN04,1.0,1.0
1731,Q3URD3,1.0,1.0
1732,Q3URE1,1.0,1.0
1734,Q3URS9,1.0,1.0
1735,Q3USB7,2.0,2.0
1736,Q3USW5,1.0,1.0
1738,Q3UTZ3,1.0,1.0
1739,Q3UU43,1.0,1.0
1754,Q3V009,1.0,1.0
1755,Q3V0C5,1.5,1.5
1757,Q3V1T4,1.0,1.0
1761,Q3V3R4,1.0,1.0
1762,Q3V460,1.0,1.0
1765,Q499X9,1.0,1.0
1771,Q4PZA2,1.0,1.0
1773,Q4VA53,1.0,1.0
1774,Q4VAA2,1.0,1.0
1775,Q4VBD2,1.0,1.0
1783,Q505B7,1.0,1.0
1784,Q505F5,1.0,1.0
1792,Q571E4,1.0,1.0
1800,Q5DU37,1.0,1.0
1806,Q5FWK3,1.1666666666666667,1.1666666666666667
1817,Q5SNZ0,1.0,1.0
1826,Q5SUC9,1.3333333333333333,1.3333333333333333
1827,Q5SUF2,2.0,2.0
1843,Q5U5M8,1.0,1.0
1846,Q5XG73,1.0,1.0
1849,Q5XPI3,1.0,1.0
1862,Q60649,1.0,1.0
1864,Q60668,1.0,1.0
1867,Q60680,1.0,1.0
1868,Q60692,1.0,1.0
1870,Q60714,1.3333333333333333,1.3333333333333333
1875,Q60754,1.0,1.0
1880,Q60772,1.0,1.0
1893,Q60866,1.0,1.0
1900,Q60932,1.0,1.0
1902,Q60953,2.0,2.0
1920,Q61070,1.0,1.0
1921,Q61072,1.0,1.0
1934,Q61133,1.0,1.0
1935,Q61136,1.0,1.0
1938,Q61152,1.0,1.0
1939,Q61160,1.0,1.0
1940,Q61161,1.0,1.0
1943,Q61166,1.0,1.0
1945,Q61176,1.0,1.0
1950,Q61205,1.0,1.0
1955,Q61233,1.0,1.0
1960,Q61285,1.0,1.0
1963,Q61334,1.0,1.0
1968,Q61425,1.0,1.0
1969,Q61462,1.0,1.0
1971,Q61466,1.0,1.0
1976,Q61510,1.6666666666666667,1.6666666666666667
1980,Q61549,1.0,1.0
1984,Q61578,1.0,1.0
1986,Q61586,1.0,1.0
1992,Q61646,1.0,1.0
1995,Q61666,1.0,1.0
2001,Q61733,1.3333333333333333,1.3333333333333333
2002,Q61735,1.0,1.0
2003,Q61739,1.0,1.0
2018,Q62035,1.0,1.0
2020,Q62048,1.0,1.0
2023,Q62084,1.0,1.0
2028,Q62120,1.0,1.0
2040,Q62261,2.0,2.0
2043,Q62311,1.0,1.0
2044,Q62313,1.0,1.0
2050,Q62384,1.0,1.0
2053,Q62407,1.0,1.0
2061,Q62446,1.0,1.0
2070,Q64010,1.0,1.0
2075,Q64105,1.0,1.0
2076,Q64112,1.0,1.0
2077,Q64133,1.0,1.0
2078,Q64152,1.0,1.0
2080,Q64261,1.0,1.0
2082,Q64282,1.0,1.0
2083,Q64287,1.0,1.0
2084,Q64310,1.0,1.0
2085,Q64311,1.0,1.0
2094,Q64433,1.0,1.0
2098,Q64455,1.0,1.0
2104,Q64520,1.0,1.0
2108,Q64669,1.0,1.0
2119,Q673H1,1.0,1.0
2134,Q69ZN6,1.0,1.0
2140,Q6A009,1.0,1.0
2145,Q6A068,1.0,1.0
2151,Q6AW69,1.0,1.0
2162,Q6DTY7,1.0,1.0
2171,Q6IRU5,1.0,1.0
2172,Q6KAR6,1.0,1.0
2175,Q6KCD5,1.0,1.0
2176,Q6NSQ9,1.0,1.0
2195,Q6NZQ4,1.0,1.0
2197,Q6P069,1.0,1.0
2208,Q6P3D0,1.0,1.0
2211,Q6P4T0,1.0,1.0
2216,Q6P5D8,1.0,1.0
2219,Q6P5F7,1.0,1.0
2226,Q6P6L0,1.0,1.0
2229,Q6P7W5,1.0,1.0
2231,Q6P8M1,1.0,1.0
2237,Q6P9Q6,1.1666666666666667,1.1666666666666667
2243,Q6PAR5,2.0,2.0
2244,Q6PAT0,1.0,1.0
2257,Q6PDL0,1.0,1.0
2258,Q6PDM2,1.0,1.0
2260,Q6PDY2,1.0,1.0
2285,Q6PNC0,1.0,1.0
2294,Q6S5C2,1.0,1.0
2298,Q6SKR2,1.0,1.0
2301,Q6VNB8,1.0,1.0
2313,Q6ZPJ3,1.0,1.0
2316,Q6ZPR6,1.0,1.0
2318,Q6ZPU9,1.0,1.0
2327,Q6ZQ88,1.5,1.5
2329,Q6ZQB6,1.5,1.5
2330,Q6ZQH8,1.0,1.0
2335,Q6ZWM4,1.0,1.0
2338,Q6ZWQ7,1.0,1.0
2345,Q70FJ1,1.0,1.0
2348,Q71KT5,1.0,1.0
2350,Q71RI9,1.0,1.0
2360,Q78JT3,1.0,1.0
2362,Q78PG9,1.0,1.0
2365,Q78ZA7,1.3333333333333333,1.3333333333333333
2371,Q7M759,1.0,1.0
2379,Q7TMR0,1.0,1.0
2381,Q7TMW6,1.0,1.0
2382,Q7TMY4,1.0,1.0
2386,Q7TN22,1.0,1.0
2397,Q7TPH6,1.0,1.0
2400,Q7TPV4,1.5,1.5
2405,Q7TQK1,1.0,1.0
2408,Q7TS68,1.0,1.0
2411,Q7TSH2,1.0,1.0
2416,Q7TSQ8,1.0,1.0
2420,Q7TT37,1.0,1.0
2425,Q80SY4,2.0,2.0
2437,Q80TN4,1.0,1.0
2438,Q80TP3,1.0,1.0
2441,Q80TR8,1.0,1.0
2443,Q80TY0,1.3333333333333333,1.3333333333333333
2444,Q80TY5,1.0,1.0
2446,Q80U56,1.0,1.0
2455,Q80UJ7,1.0,1.0
2470,Q80UY1,1.0,1.0
2475,Q80V86,1.0,1.0
2478,Q80VD1,2.0,2.0
2480,Q80VJ3,1.0,1.0
2486,Q80W54,1.0,1.0
2492,Q80WQ6,1.0,1.0
2495,Q80X41,1.0,1.0
2497,Q80X71,1.0,1.0
2500,Q80X85,1.0,1.0
2504,Q80XC2,1.0,1.0
2505,Q80XD1,1.0,1.0
2509,Q80XK6,1.0,1.0
2514,Q80XR2,1.0,1.0
2515,Q80XU3,1.0,1.0
2520,Q80Y98,1.0,1.0
2522,Q80YA7,1.1666666666666667,1.1666666666666667
2525,Q80YQ2,1.0,1.0
2526,Q80YQ8,1.0,1.0
2529,Q80YV3,1.0,1.0
2535,Q80ZQ9,1.0,1.0
2536,Q80ZS3,1.0,1.0
2537,Q80ZV0,1.0,1.0
2545,Q810S1,1.0,1.0
2548,Q811I0,1.0,1.0
2549,Q811J3,1.0,1.0
2559,Q8BFS6,1.0,1.0
2562,Q8BFW4,1.0,1.0
2568,Q8BG05,1.0,1.0
2569,Q8BG07,1.0,1.0
2572,Q8BG51,1.0,1.0
2574,Q8BG67,1.0,1.0
2575,Q8BG81,1.0,1.0
2579,Q8BGB7,1.0,1.0
2581,Q8BGC4,1.0,1.0
2583,Q8BGD9,1.3333333333333333,1.3333333333333333
2585,Q8BGF6,1.0,1.0
2586,Q8BGG7,1.1666666666666667,1.1666666666666667
2591,Q8BGR2,1.0,1.0
2592,Q8BGR8,1.0,1.0
2593,Q8BGR9,1.0,1.0
2600,Q8BGV0,1.0,1.0
2601,Q8BGW1,1.0,1.0
2603,Q8BGZ4,1.0,1.0
2620,Q8BHA3,1.0,1.0
2622,Q8BHC9,1.0,1.0
2627,Q8BHG2,1.0,1.0
2633,Q8BHL8,2.0,2.0
2636,Q8BHS3,1.0,1.0
2638,Q8BHX1,1.0,1.0
2643,Q8BIE6,1.0,1.0
2644,Q8BIG7,1.0,1.0
2645,Q8BIH0,1.0,1.0
2647,Q8BIJ7,1.3333333333333333,1.3333333333333333
2655,Q8BJ63,1.0,1.0
2657,Q8BJF9,1.0,1.0
2666,Q8BJZ4,1.0,1.0
2677,Q8BKT7,1.0,1.0
2685,Q8BLF1,1.0,1.0
2690,Q8BLY7,1.0,1.0
2697,Q8BMD5,1.0,1.0
2699,Q8BMF4,1.5,1.5
2701,Q8BMI0,1.0,1.0
2716,Q8BN82,1.0,1.0
2719,Q8BP40,1.0,1.0
2722,Q8BP56,1.0,1.0
2726,Q8BPB0,1.0,1.0
2727,Q8BPG6,1.0,1.0
2730,Q8BPX9,1.0,1.0
2731,Q8BPZ8,1.0,1.0
2733,Q8BQ47,1.0,1.0
2735,Q8BQX5,1.0,1.0
2736,Q8BQZ4,1.0,1.0
2739,Q8BR65,1.0,1.0
2742,Q8BRH0,1.0,1.0
2745,Q8BRT1,1.3333333333333333,1.3333333333333333
2746,Q8BS95,1.0,1.0
2758,Q8BTS3,1.0,1.0
2762,Q8BTV1,1.0,1.0
2768,Q8BTZ4,1.0,1.0
2787,Q8BUV8,1.0,1.0
2788,Q8BUY9,1.0,1.0
2789,Q8BV13,1.0,1.0
2790,Q8BV49,1.5,1.5
2795,Q8BVI4,1.0,1.0
2802,Q8BVW0,1.0,1.0
2811,Q8BWF0,1.0,1.0
2812,Q8BWG8,1.0,1.0
2814,Q8BWH0,1.0,1.0
2820,Q8BWU5,1.0,1.0
2822,Q8BWY3,1.0,1.0
2823,Q8BWY4,1.0,1.0
2828,Q8BX10,1.0,1.0
2837,Q8BXJ2,1.0,1.0
2841,Q8BXQ2,1.0,1.0
2848,Q8BYB9,1.0,1.0
2855,Q8BYM8,1.0,1.0
2857,Q8BYW1,1.6666666666666667,1.6666666666666667
2858,Q8BYW9,1.0,1.0
2860,Q8BZ00,1.0,1.0
2861,Q8BZ20,1.0,1.0
2862,Q8BZ36,1.0,1.0
2863,Q8BZ60,1.0,1.0
2865,Q8BZA9,1.0,1.0
2869,Q8BZQ7,1.0,1.0
2871,Q8BZT9,1.0,1.0
2872,Q8BZW8,1.0,1.0
2881,Q8C0E2,1.0,1.0
2884,Q8C0I1,1.0,1.0
2888,Q8C0L6,1.0,1.0
2889,Q8C0L8,1.0,1.0
2890,Q8C0L9,1.0,1.0
2892,Q8C0P5,1.0,1.0
2897,Q8C156,1.0,1.0
2899,Q8C167,1.0,1.0
2900,Q8C172,1.0,1.0
2905,Q8C1F4,1.0,1.0
2909,Q8C2A2,1.0,1.0
2914,Q8C3B8,1.0,1.0
2920,Q8C3X2,1.0,1.0
2921,Q8C3X4,1.0,1.0
2922,Q8C3X8,1.0,1.0
2925,Q8C4B4,1.0,1.0
2926,Q8C4Q6,1.0,1.0
2927,Q8C4V1,1.0,1.0
2931,Q8C561,1.0,1.0
2934,Q8C5H8,1.0,1.0
2939,Q8C5Q4,1.0,1.0
2941,Q8C5W3,1.0,1.0
2943,Q8C6B0,1.0,1.0
2946,Q8C6I2,1.0,1.0
2947,Q8C6U2,1.0,1.0
2952,Q8C7Q4,1.0,1.0
2957,Q8C854,1.0,1.0
2962,Q8C9S8,1.0,1.0
2966,Q8CAB8,1.0,1.0
2970,Q8CAY6,1.0,1.0
2981,Q8CBY0,1.0,1.0
2986,Q8CCB4,1.0,1.0
3004,Q8CEC6,1.0,1.0
3022,Q8CG46,1.0,1.0
3023,Q8CG47,1.0,1.0
3024,Q8CG48,1.1666666666666667,1.1666666666666667
3027,Q8CG72,1.0,1.0
3029,Q8CGA0,1.0,1.0
3036,Q8CGU1,1.0,1.0
3045,Q8CHI8,1.0,1.0
3046,Q8CHK3,1.0,1.0
3047,Q8CHP5,1.0,1.0
3051,Q8CHT0,1.0,1.0
3052,Q8CHT3,1.0,1.0
3061,Q8CI59,1.0,1.0
3063,Q8CI70,1.0,1.0
3064,Q8CI71,1.0,1.0
3082,Q8CIV8,2.0,2.0
3087,Q8JZL3,1.0,1.0
3104,Q8K0C1,1.0,1.0
3110,Q8K0Q5,1.0,1.0
3111,Q8K0T0,1.0,1.0
3116,Q8K135,1.0,1.0
3117,Q8K157,1.0,1.0
3123,Q8K1E6,1.0,1.0
3128,Q8K1J6,1.0,1.0
3129,Q8K1L5,1.0,1.0
3147,Q8K296,1.0,1.0
3151,Q8K2C6,1.0,1.0
3154,Q8K2C9,1.0,1.0
3158,Q8K2I1,1.0,1.0
3165,Q8K2Q7,1.0,1.0
3168,Q8K2T4,1.0,1.0
3171,Q8K2V6,1.0,1.0
3174,Q8K2Y7,1.0,1.0
3176,Q8K2Z2,1.0,1.0
3177,Q8K2Z4,1.0,1.0
3180,Q8K337,1.0,1.0
3182,Q8K354,1.0,1.0
3183,Q8K358,1.0,1.0
3184,Q8K363,2.0,2.0
3186,Q8K370,2.0,2.0
3190,Q8K3C3,1.0,1.0
3193,Q8K3G9,2.6666666666666665,2.6666666666666665
3204,Q8K4B0,1.0,1.0
3206,Q8K4F5,1.0,1.0
3214,Q8K4Q8,1.0,1.0
3216,Q8K4X7,1.0,1.0
3217,Q8K4Z3,1.0,1.0
3220,Q8QZS1,1.0,1.0
3224,Q8QZX2,1.0,1.0
3227,Q8QZY9,2.0,2.0
3230,Q8R010,1.0,1.0
3233,Q8R033,1.0,1.0
3234,Q8R035,1.0,1.0
3236,Q8R059,1.0,1.0
3238,Q8R086,1.0,1.0
3241,Q8R0A0,1.5,1.5
3243,Q8R0F3,1.0,1.0
3244,Q8R0F6,1.0,1.0
3245,Q8R0F8,1.0,1.0
3248,Q8R0H9,1.0,1.0
3250,Q8R0J8,1.0,1.0
3258,Q8R149,1.0,1.0
3261,Q8R180,1.0,1.0
3262,Q8R1A4,1.1666666666666667,1.1666666666666667
3267,Q8R1K4,1.0,1.0
3270,Q8R1Q8,1.0,1.0
3273,Q8R1T1,1.0,1.0
3277,Q8R242,1.0,1.0
3278,Q8R2E9,1.0,1.0
3279,Q8R2H9,1.0,1.0
3282,Q8R2Q4,1.0,1.0
3283,Q8R2R9,1.0,1.0
3287,Q8R2U4,1.0,1.0
3288,Q8R2U6,1.0,1.0
3292,Q8R310,1.0,1.0
3297,Q8R326,1.0,1.0
3299,Q8R349,1.0,1.0
3300,Q8R366,1.0,1.0
3302,Q8R3B1,1.0,1.0
3306,Q8R3G1,1.0,1.0
3319,Q8R420,1.0,1.0
3320,Q8R480,1.0,1.0
3322,Q8R4C2,1.0,1.0
3324,Q8R4N0,1.0,1.0
3330,Q8R574,1.0,1.0
3336,Q8R5I6,1.0,1.0
3347,Q8VBZ3,1.0,1.0
3349,Q8VC04,1.0,1.0
3351,Q8VC28,1.0,1.0
3354,Q8VC85,1.0,1.0
3355,Q8VC88,1.0,1.0
3356,Q8VCA8,1.0,1.0
3357,Q8VCB1,1.0,1.0
3358,Q8VCD5,1.0,1.0
3361,Q8VCH5,1.0,1.0
3362,Q8VCH6,1.0,1.0
3366,Q8VCM8,1.0,1.0
3369,Q8VCR7,1.0,1.0
3376,Q8VD31,1.0,1.0
3378,Q8VD62,1.0,1.0
3382,Q8VDC1,1.0,1.0
3385,Q8VDD9,1.0,1.0
3387,Q8VDG5,1.0,1.0
3390,Q8VDI9,1.0,1.0
3392,Q8VDK1,1.0,1.0
3393,Q8VDL4,1.0,1.0
3398,Q8VDP2,1.0,1.0
3402,Q8VDQ1,1.0,1.0
3405,Q8VDS4,1.0,1.0
3407,Q8VDT9,1.0,1.0
3408,Q8VDV3,2.0,2.0
3414,Q8VE22,1.3333333333333333,1.3333333333333333
3428,Q8VEB4,1.0,1.0
3429,Q8VEB6,1.0,1.0
3436,Q8VEH5,1.0,1.0
3439,Q8VEJ4,1.0,1.0
3441,Q8VEK0,1.0,1.0
3448,Q8VHC3,1.0,1.0
3453,Q8VHL1,1.0,1.0
3460,Q8VI38,1.0,1.0
3461,Q8VI63,1.0,1.0
3466,Q8WTY4,1.0,1.0
3467,Q91UZ5,1.0,1.0
3469,Q91V04,1.0,1.0
3470,Q91V09,1.0,1.0
3473,Q91V24,1.0,1.0
3478,Q91VA6,1.0,1.0
3484,Q91VF2,1.0,1.0
3488,Q91VJ1,1.0,1.0
3507,Q91VX9,1.0,1.0
3518,Q91W89,1.3333333333333333,1.3333333333333333
3520,Q91W96,1.0,1.0
3521,Q91W98,1.0,1.0
3524,Q91WC0,1.0,1.0
3528,Q91WE1,1.0,1.0
3531,Q91WF7,1.0,1.0
3535,Q91WJ8,1.0,1.0
3538,Q91WK5,1.0,1.0
3540,Q91WM2,1.0,1.0
3542,Q91WN1,1.0,1.0
3550,Q91WU5,1.0,1.0
3551,Q91WV0,1.0,1.0
3556,Q91X58,1.0,1.0
3558,Q91XA2,1.0,1.0
3560,Q91XC9,1.0,1.0
3561,Q91XD6,1.0,1.0
3563,Q91XE4,1.0,1.0
3564,Q91XF0,1.0,1.0
3566,Q91XL1,1.0,1.0
3567,Q91XL3,1.0,1.0
3569,Q91XS1,1.0,1.0
3573,Q91Y74,1.0,1.0
3580,Q91YI0,1.0,1.0
3583,Q91YJ3,1.0,1.0
3587,Q91YN0,2.0,2.0
3588,Q91YN5,1.0,1.0
3589,Q91YP2,1.0,1.0
3596,Q91YR9,1.0,1.0
3598,Q91YT8,1.0,1.0
3601,Q91YX5,1.0,1.0
3605,Q91Z53,1.0,1.0
3608,Q91Z96,1.0,1.0
3612,Q91ZJ5,1.0,1.0
3613,Q91ZN5,1.0,1.0
3619,Q91ZV0,1.0,1.0
3620,Q91ZW2,1.0,1.0
3628,Q920I9,1.0,1.0
3644,Q921I2,1.0,1.0
3648,Q921L5,1.0,1.0
3653,Q921R8,1.0,1.0
3655,Q921T2,1.0,1.0
3657,Q921W0,1.0,1.0
3659,Q921X9,1.0,1.0
3670,Q922H9,1.0,1.0
3674,Q922L6,1.0,1.0
3677,Q922Q1,1.0,1.0
3680,Q922Q9,1.0,1.0
3690,Q923D2,1.0,1.0
3703,Q924H7,1.0,1.0
3704,Q924K8,1.0,1.0
3705,Q924M7,1.0,1.0
3706,Q924N4,1.0,1.0
3711,Q925I1,1.0,1.0
3713,Q925Q3,1.0,1.0
3715,Q99020,1.0,1.0
3717,Q99J09,1.0,1.0
3720,Q99J27,1.0,1.0
3721,Q99J36,1.0,1.0
3724,Q99J56,1.0,1.0
3727,Q99J77,1.0,1.0
3733,Q99JF5,1.0,1.0
3734,Q99JG7,1.0,1.0
3742,Q99JR8,1.0,1.0
3743,Q99JT1,1.0,1.0
3745,Q99JT9,1.0,1.0
3746,Q99JV5,1.0,1.0
3747,Q99JW2,1.0,1.0
3748,Q99JW4,1.3333333333333333,1.3333333333333333
3749,Q99JX3,1.3333333333333333,1.3333333333333333
3753,Q99JY4,1.0,1.0
3759,Q99K51,1.0,1.0
3761,Q99K74,1.0,1.0
3762,Q99K85,1.0,1.0
3768,Q99KF1,1.0,1.0
3772,Q99KI3,1.0,1.0
3776,Q99KK7,1.0,1.0
3778,Q99KN1,1.0,1.0
3781,Q99KP3,1.0,1.0
3784,Q99KR3,1.0,1.0
3785,Q99KR8,1.0,1.0
3786,Q99KS6,1.0,1.0
3796,Q99L20,1.0,1.0
3800,Q99L47,1.0,1.0
3802,Q99LB2,1.0,1.0
3803,Q99LB6,1.5,1.5
3806,Q99LC8,1.1666666666666667,1.1666666666666667
3807,Q99LC9,1.0,1.0
3808,Q99LD4,1.1666666666666667,1.1666666666666667
3815,Q99LG4,1.0,1.0
3817,Q99LI2,1.0,1.0
3822,Q99LJ1,1.0,1.0
3828,Q99LQ7,1.0,1.0
3830,Q99LS3,1.0,1.0
3832,Q99LU0,1.0,1.0
3835,Q99LZ3,1.0,1.0
3842,Q99MD6,1.0,1.0
3845,Q99ME9,1.0,1.0
3846,Q99MI1,1.0,1.0
3847,Q99MK8,1.1666666666666667,1.1666666666666667
3855,Q99MZ7,1.0,1.0
3868,Q99N95,1.0,1.0
3875,Q99P30,1.0,1.0
3877,Q99P65,1.0,1.0
3881,Q99PG2,1.3333333333333333,1.3333333333333333
3898,Q9CPT3,1.0,1.0
3899,Q9CPU0,1.0,1.0
3900,Q9CPV4,1.0,1.0
3902,Q9CPW2,1.0,1.0
3906,Q9CPY1,1.0,1.0
3909,Q9CQ06,1.0,1.0
3910,Q9CQ10,1.0,1.0
3911,Q9CQ18,1.0,1.0
3923,Q9CQ69,1.0,1.0
3929,Q9CQA1,1.0,1.0
3930,Q9CQA5,1.0,1.0
3932,Q9CQB5,1.0,1.0
3938,Q9CQE5,1.0,1.0
3946,Q9CQI3,1.0,1.0
3947,Q9CQI6,1.0,1.0
3948,Q9CQI7,1.0,1.0
3950,Q9CQJ2,2.0,2.0
3951,Q9CQJ6,1.0,1.0
3952,Q9CQK7,1.0,1.0
3954,Q9CQL4,1.0,1.0
3955,Q9CQL5,1.0,1.0
3957,Q9CQM5,1.0,1.0
3963,Q9CQQ8,1.0,1.0
3964,Q9CQR4,1.0,1.0
3967,Q9CQT1,1.0,1.0
3968,Q9CQT2,1.0,1.0
3969,Q9CQT5,1.0,1.0
3975,Q9CQV8,1.0,1.0
3976,Q9CQW2,1.0,1.0
3979,Q9CQX6,1.0,1.0
3982,Q9CQY5,1.0,1.0
3987,Q9CR16,1.0,1.0
3988,Q9CR24,1.0,1.0
3990,Q9CR27,1.0,1.0
3992,Q9CR39,1.0,1.0
3996,Q9CR57,1.0,1.0
3998,Q9CR60,1.0,1.0
4000,Q9CR64,1.0,1.0
4004,Q9CR86,1.0,1.0
4005,Q9CR88,1.0,1.0
4007,Q9CR95,1.0,1.0
4013,Q9CRB6,1.0,1.0
4018,Q9CRD0,1.0,1.0
4019,Q9CRD2,1.0,1.0
4026,Q9CSU0,2.0,2.0
4028,Q9CTG6,1.0,1.0
4030,Q9CV28,1.0,1.0
4035,Q9CW79,1.0,1.0
4036,Q9CWD3,1.0,1.0
4051,Q9CWQ0,1.0,1.0
4058,Q9CWY8,1.0,1.0
4059,Q9CWZ3,1.0,1.0
4065,Q9CX86,1.0,1.0
4066,Q9CXD6,1.0,1.0
4068,Q9CXF0,1.0,1.0
4073,Q9CXJ1,1.0,1.0
4079,Q9CXU0,1.0,1.0
4085,Q9CXY9,1.0,1.0
4088,Q9CY27,1.0,1.0
4089,Q9CY34,1.0,1.0
4090,Q9CY45,1.0,1.0
4092,Q9CY52,1.0,1.0
4097,Q9CY73,1.0,1.0
4098,Q9CY94,1.0,1.0
4099,Q9CY97,1.0,1.0
4107,Q9CYN2,1.0,1.0
4111,Q9CYW4,1.0,1.0
4113,Q9CZ04,1.0,1.0
4115,Q9CZ15,1.0,1.0
4116,Q9CZ28,1.0,1.0
4123,Q9CZB6,1.0,1.0
4129,Q9CZL5,1.0,1.0
4130,Q9CZM2,1.0,1.0
4142,Q9CZX7,1.0,1.0
4152,Q9D0A3,1.0,1.0
4156,Q9D0C4,1.0,1.0
4167,Q9D0K1,1.0,1.0
4168,Q9D0K2,1.0,1.0
4169,Q9D0L4,1.0,1.0
4174,Q9D0M3,1.0,1.0
4176,Q9D0Q7,1.0,1.0
4178,Q9D0R8,1.0,1.0
4183,Q9D142,1.0,1.0
4184,Q9D154,1.0,1.0
4192,Q9D1D4,1.0,1.0
4193,Q9D1E6,1.0,1.0
4194,Q9D1F3,1.0,1.0
4200,Q9D1H8,1.0,1.0
4201,Q9D1I5,1.0,1.0
4205,Q9D1L0,1.0,1.0
4208,Q9D1M4,1.0,1.0
4210,Q9D1N9,1.0,1.0
4212,Q9D1P4,1.0,1.0
4213,Q9D1Q4,1.0,1.0
4219,Q9D273,1.0,1.0
4227,Q9D2Q2,1.0,1.0
4231,Q9D2V5,1.0,1.0
4233,Q9D2V8,1.0,1.0
4235,Q9D338,1.0,1.0
4243,Q9D3W4,2.0,2.0
4246,Q9D4H1,1.0,1.0
4247,Q9D4H2,1.0,1.0
4249,Q9D4V7,1.0,1.0
4252,Q9D5J6,1.0,1.0
4264,Q9D6L8,1.0,1.0
4266,Q9D6N1,1.0,1.0
4269,Q9D6S7,1.0,1.0
4270,Q9D6T0,1.0,1.0
4276,Q9D6Y9,1.0,1.0
4281,Q9D742,1.0,1.0
4285,Q9D786,1.0,1.0
4286,Q9D787,1.0,1.0
4287,Q9D7A6,1.0,1.0
4291,Q9D7E3,1.0,1.0
4294,Q9D7I5,1.0,1.0
4295,Q9D7J9,1.0,1.0
4296,Q9D7M1,1.0,1.0
4303,Q9D7W5,1.0,1.0
4305,Q9D7X8,1.0,1.0
4306,Q9D819,1.0,1.0
4307,Q9D820,1.0,1.0
4309,Q9D855,1.0,1.0
4310,Q9D868,1.0,1.0
4313,Q9D892,1.0,1.0
4315,Q9D8B3,1.0,1.0
4319,Q9D8L5,1.0,1.0
4324,Q9D8S4,1.0,1.0
4325,Q9D8T0,1.0,1.0
4326,Q9D8T2,1.0,1.0
4330,Q9D8V7,1.0,1.0
4333,Q9D8Y0,1.0,1.0
4335,Q9D8Z2,1.0,1.0
4338,Q9D920,1.0,1.0
4341,Q9D9B4,1.0,1.0
4344,Q9D9M5,1.0,1.0
4345,Q9D9V3,1.0,1.0
4348,Q9DAC7,1.0,1.0
4349,Q9DAI2,1.0,1.0
4353,Q9DAR7,1.0,1.0
4357,Q9DAV6,1.0,1.0
4362,Q9DB20,1.0,1.0
4364,Q9DB27,1.0,1.0
4365,Q9DB29,1.0,1.0
4366,Q9DB30,2.0,2.0
4367,Q9DB34,1.0,1.0
4372,Q9DB77,1.0,1.0
4375,Q9DBB4,1.0,1.0
4376,Q9DBB8,1.0,1.0
4381,Q9DBE0,1.0,1.0
4383,Q9DBF1,1.0,1.0
4392,Q9DBL1,1.3333333333333333,1.3333333333333333
4398,Q9DBP5,1.0,1.0
4421,Q9DC37,1.0,1.0
4423,Q9DC50,1.0,1.0
4429,Q9DC71,1.0,1.0
4430,Q9DCA2,1.0,1.0
4432,Q9DCC4,1.0,1.0
4439,Q9DCF9,1.0,1.0
4442,Q9DCH6,1.0,1.0
4448,Q9DCL8,1.0,1.0
4453,Q9DCS3,1.0,1.0
4454,Q9DCT1,1.0,1.0
4458,Q9DCU6,1.0,1.0
4462,Q9DCZ1,1.0,1.0
4464,Q9EP53,1.0,1.0
4467,Q9EP72,1.0,1.0
4469,Q9EP82,1.0,1.0
4470,Q9EP89,1.0,1.0
4473,Q9EPB4,1.0,1.0
4474,Q9EPB5,1.0,1.0
4479,Q9EPK7,1.0,1.0
4484,Q9EPS3,1.0,1.0
4487,Q9EPV8,1.0,1.0
4491,Q9EQ20,1.0,1.0
4496,Q9EQF6,1.0,1.0
4508,Q9EQU3,1.0,1.0
4524,Q9ERE7,1.0,1.0
4525,Q9ERE8,1.0,1.0
4533,Q9ERN0,1.0,1.0
4534,Q9ERR1,1.0,1.0
4540,Q9ES28,2.0,2.0
4545,Q9ES70,1.0,1.0
4549,Q9ESJ0,1.0,1.0
4557,Q9ESW4,1.0,1.0
4563,Q9ET22,1.0,1.0
4564,Q9ET26,1.0,1.0
4567,Q9JHE7,1.0,1.0
4576,Q9JHP7,1.0,1.0
4577,Q9JHQ5,1.0,1.0
4584,Q9JHW2,1.0,1.0
4590,Q9JI46,1.0,1.0
4591,Q9JI75,1.0,1.0
4593,Q9JI90,1.0,1.0
4599,Q9JIG7,1.6666666666666667,1.6666666666666667
4602,Q9JII5,1.0,1.0
4606,Q9JIM1,1.0,1.0
4608,Q9JIS8,1.0,1.0
4614,Q9JJ06,1.0,1.0
4617,Q9JJ78,1.0,1.0
4619,Q9JJA2,1.0,1.0
4627,Q9JJT9,1.0,1.0
4634,Q9JK38,1.0,1.0
4636,Q9JK81,1.0,1.0
4637,Q9JKB1,1.0,1.0
4643,Q9JKF7,1.6666666666666667,1.6666666666666667
4655,Q9JL35,1.3333333333333333,1.3333333333333333
4658,Q9JLC8,1.0,1.0
4667,Q9JLV1,1.0,1.0
4671,Q9JM13,1.0,1.0
4672,Q9JM14,1.0,1.0
4675,Q9JM90,1.0,1.0
4680,Q9JME7,1.0,1.0
4686,Q9QUK3,1.0,1.0
4688,Q9QUK6,1.0,1.0
4690,Q9QUN7,1.0,1.0
4691,Q9QUR6,1.0,1.0
4696,Q9QWR8,1.0,1.0
4699,Q9QWY8,2.0,2.0
4702,Q9QX60,1.0,1.0
4703,Q9QXA5,1.0,1.0
4708,Q9QXG4,1.0,1.0
4716,Q9QXT0,1.0,1.0
4717,Q9QXT1,1.0,1.0
4719,Q9QXX4,1.0,1.0
4727,Q9QY93,1.0,1.0
4731,Q9QYC7,1.0,1.0
4739,Q9QYR9,1.0,1.0
4741,Q9QYY8,1.0,1.0
4744,Q9QZ08,1.0,1.0
4746,Q9QZ23,1.0,1.0
4747,Q9QZ73,1.0,1.0
4757,Q9QZI9,1.0,1.0
4758,Q9QZK7,1.0,1.0
4765,Q9QZS3,1.0,1.0
4791,Q9R0P6,1.0,1.0
4792,Q9R0P9,1.0,1.0
4793,Q9R0Q3,1.0,1.0
4801,Q9R0Y5,1.0,1.0
4806,Q9R1A8,1.0,1.0
4816,Q9R1Q6,1.0,1.0
4818,Q9R1S3,1.0,1.0
4819,Q9R1S8,2.0,2.0
4822,Q9R1Z7,1.0,1.0
4823,Q9R207,1.0,1.0
4828,Q9WTK3,1.0,1.0
4832,Q9WTN0,1.0,1.0
4834,Q9WTP7,1.0,1.0
4836,Q9WTR6,1.0,1.0
4837,Q9WTS2,1.0,1.0
4842,Q9WTX8,1.1666666666666667,1.1666666666666667
4844,Q9WU00,1.0,1.0
4845,Q9WU20,1.0,1.0
4848,Q9WU56,1.0,1.0
4851,Q9WU81,1.0,1.0
4858,Q9WUD8,1.0,1.0
4869,Q9WUQ2,1.0,1.0
4871,Q9WUR9,1.0,1.0
4877,Q9WV03,1.0,1.0
4878,Q9WV32,1.0,1.0
4885,Q9WV84,1.0,1.0
4888,Q9WVA2,1.0,1.0
4890,Q9WVA4,1.0,1.0
4891,Q9WVB0,1.0,1.0
4892,Q9WVD4,1.0,1.0
4897,Q9WVJ3,1.0,1.0
4902,Q9WVL3,1.0,1.0
4904,Q9WVQ5,1.0,1.0
4907,Q9WVS8,1.0,1.0
4912,Q9Z0G0,1.0,1.0
4916,Q9Z0H8,1.3333333333333333,1.3333333333333333
4917,Q9Z0I7,1.0,1.0
4918,Q9Z0L8,1.0,1.0
4924,Q9Z0R4,1.0,1.0
4927,Q9Z0S1,1.0,1.0
4930,Q9Z0V7,1.0,1.0
4937,Q9Z127,1.0,1.0
4939,Q9Z130,1.0,1.0
4942,Q9Z183,2.0,2.0
4965,Q9Z1T6,1.0,1.0
4972,Q9Z222,1.0,1.0
4976,Q9Z277,1.0,1.0
4987,Q9Z2D8,1.0,1.0
4993,Q9Z2H7,1.0,1.0
4997,Q9Z2L6,1.0,1.0
4999,Q9Z2M7,1.0,1.0
5002,Q9Z2Q6,1.1666666666666667,1.1666666666666667
5003,Q9Z2R6,1.0,1.0
5012,Q9Z2Y8,1.0,1.0
5014,Q9Z329,1.0,1.0
